,Nombre,Apellido(s),Dirección de correo,Grupos,Presentada_3,Comentario_3,Presentada_5,Comentario_5
0,SOFIA,AGAPITO DELGADO,s.agapito@alumnos.upm.es,IWSIT11,0,NP,1,
1,LLOYD DAREN,AGUILAR DESIAR,daren.aguilar@alumnos.upm.es,IWSIM12,0,NP,1,
2,JAVIER,AGUIRRE HERVIAS,javier.aguirrehervias@alumnos.upm.es,IWSIM12,0,NP,1,
3,MATEO,ALBRIZIO,mateo.albrizio@alumnos.upm.es,IWSIM12,0,NP,1,
4,NICOLAS,ALONSO FERNANDEZ,ni.alonso@alumnos.upm.es,IWSIM12,0,NP,0,NP
5,MIGUEL,ALVAREZ AREVALO,miguel.alvarezar@alumnos.upm.es,IWSIM12,0,NP,1,
6,AARON ALEJANDRO,APUNTE SIERRA,aaron.apunte@alumnos.upm.es,IWSIM12,0,NP,1,
7,JORGE,ARTACHO BORDINO,jorge.artacho@alumnos.upm.es,IWSIM12,0,NP,0,NP
8,MARCOS,AUSIN MORENO,marcos.ausin@alumnos.upm.es,IWSIM12,0,NP,1,
9,JULIO,AYALA MAYA,julio.ayalamaya@alumnos.upm.es,IWSIM12,0,NP,1,
10,ALP ASLAN,AYDIN CONDE,alpaslan.aydin@alumnos.upm.es,IWSIT12,0,NP,1,
11,DAVID,BABYN BABYN,david.babyn@alumnos.upm.es,IWSIT11,1,,1,
12,JAVIER,BALLESTEROS LESMES,j.blesmes@alumnos.upm.es,IWSIT11,0,NP,1,
13,ESAU EZEQUIEL,BARRERA VELASQUEZ,esau.barrera@alumnos.upm.es,IWSIM11,1,,1,
14,HUGO,BEAUTELL NAVARRO,hugo.beautell@alumnos.upm.es,IWSIM11,1,,1,
15,CARLOS,BELTRAN PRADOS,carlos.beltran@alumnos.upm.es,IWSIT11,0,NP,0,NP
16,GHITA,BENJELLOUN,ghita.benjelloun@alumnos.upm.es,IWSIT12,1,,0,NP
17,SIMON,BLANCO MARCHAL,simon.blanco@alumnos.upm.es,IWSIM11,0,NP,1,
18,XABIER,BLANCO VAZQUEZ,xabier.bvazquez@alumnos.upm.es,IWSIT11,0,NP,1,
19,SERGIO,BLASCO RIVAS,sergio.blascorivas@alumnos.upm.es,IWSIT11,1,,1,
20,ALVARO,BRAVO CUEVA,al.bravo@alumnos.upm.es,IWSIM11,0,NP,1,
21,ISMAEL,BUENO MORENO,ismael.bueno@alumnos.upm.es,IWSIT11,0,NP,1,
22,DANIEL,CABRAS BLASCO,daniel.cabras@alumnos.upm.es,IWSIT12,0,NP,1,
23,VERONICA LUISA,CAMARA VILKOVA,veronica.camara@alumnos.upm.es,IWSIM11,0,NP,1,
24,RAFAEL,CARO ANCOCHEA,rafael.caroancochea@alumnos.upm.es,IWSIT11,1,,1,
25,SERGIO,CARRASCO PARDO,sergio.carrascopardo@alumnos.upm.es,IWSIM11,1,,1,
26,GUILLERMO,CARRETERO TERRONES,guillermo.carreterot@alumnos.upm.es,IWSIT11,0,NP,0,NP
27,CARLOS,CASANOVA MATEO,carlos.casanova@upm.es,Profesores,0,NP,0,NP
28,ALVARO,CEREZO LLEDO,al.cerezo@alumnos.upm.es,IWSIT11,0,NP,1,
29,JERONIMO,CEREZO RODRIGUEZ,jeronimo.cerezo@alumnos.upm.es,IWSIT11,0,NP,1,
30,HAOYU,CHEN,haoyu.chen@alumnos.upm.es,IWSIT11,0,NP,1,
31,NUO,CHEN,nuo.ch@alumnos.upm.es,IWSIT11,0,NP,1,
32,WENJUN,CHEN,we.chen@alumnos.upm.es,,0,NP,0,NP
33,DENNIS ANDREI,CIUCA,da.ciuca@alumnos.upm.es,IWSIT11,0,NP,1,
34,DIEGO,COLINAS GARCIA,diego.colinas@alumnos.upm.es,IWSIT11,1,,1,
35,SANTIAGO,CONDE IZQUIERDO,santiago.conde.izquierdo@alumnos.upm.es,IWSIT11,0,NP,1,
36,ALONSO,CONEJERO NOVELO-CASANOVA,alonso.conejero@alumnos.upm.es,IWSIT12,0,NP,0,NP
37,NICOLAS ROBERT,CORUT,robert.corut@alumnos.upm.es,IWSIT11,0,NP,0,NP
38,JUAN,CRESPO LAFUENTE,juan.crespol@alumnos.upm.es,IWSIT11,0,NP,1,
39,SEBASTIAN,CRUZ REAL,sebastian.cruzreal@alumnos.upm.es,IWSIT11,0,NP,1,
40,SAUL,DE ANTONIO BARON,saul.de@alumnos.upm.es,IWSIT11,0,NP,1,
41,IGNACIO,DE LA VEGA RODRIGUEZ,ignacio.delavega@alumnos.upm.es,IWSIT11,0,NP,1,
42,DIEGO,DE LOS MOZOS DE LA CRUZ,diego.delosmozos@alumnos.upm.es,IWSIM12,0,NP,1,
43,FERNANDO,DE VICENTE SALAZAR,f.devicente@alumnos.upm.es,IWSIT11,0,NP,0,NP
44,DIEGO,DEL CAZ SANZ,diego.delcaz@alumnos.upm.es,IWSIT11,0,NP,0,NP
45,VICTOR,DELGADO GONZALEZ,victor.delgado@alumnos.upm.es,IWSIT11,0,NP,1,
46,MIGUEL ANGEL,DIAZ MARTINEZ,m.diaz@upm.es,Profesores,0,NP,0,NP
47,JORGE,DIAZ PEÑA,jorge.dpena@alumnos.upm.es,IWSIT12,1,,1,
48,JOEL,DIAZ SANTIAGO,joel.diaz@alumnos.upm.es,IWSIT11,0,NP,1,
49,MARIA JOSE,DIAZ SERRANO,mj.dserrano@alumnos.upm.es,IWSIT11,1,,1,
50,JAVIER,DOMINGUEZ ALVAREZ,javier.dominguez@alumnos.upm.es,IWSIM12,0,NP,1,
51,JINGHONG,DONG,jinghong.dong@alumnos.upm.es,IWSIT11,0,NP,1,
52,ELISA ELENA,DRAGAN,elisa.dragan@alumnos.upm.es,IWSIT11,0,NP,1,
53,TOMAS,ELESPE CHELI,t.echeli@alumnos.upm.es,IWSIT11,0,NP,0,NP
54,MARTA,ELICES HERNANDEZ,marta.elices@alumnos.upm.es,IWSIT11,0,NP,0,NP
55,OMAR,ELMJABBAD ESPINEL,omar.elmjabbad@alumnos.upm.es,IWSIT11,0,NP,1,
56,SAMUEL,ELVIRA PEREZ,samuel.elvira.perez@alumnos.upm.es,IWSIT12,0,NP,1,
57,DANIEL,EMILOV RADKOV,daniel.emilov@alumnos.upm.es,IWSIT11,0,NP,1,
58,MARCO ANIBAL,ESPADA GARCIA,marco.espada@alumnos.upm.es,IWSIT11,0,NP,1,
59,EDUARDO,ESTRADA SARANGO,e.estrada@alumnos.upm.es,IWSIT11,0,NP,1,
60,DOCENTIA,EVALUADOR EXTERNO,docentia2025@gate.es,,0,NP,0,NP
61,ANDRES EDUARDO,FERNANDES SIMOES,andreseduardo.fernandessimoes@alumnos.upm.es,IWSIT11,0,NP,1,
62,LAURA,FERNANDEZ CARRASCO,laura.fernandez.carrasco@alumnos.upm.es,IWSIT11,0,NP,1,
63,JULIO,FERNANDEZ DE LUZ RODRIGUEZ,julio.fernandezdeluz@alumnos.upm.es,IWSIT11,0,NP,1,
64,DIEGO,FERNANDEZ HERRERO,diego.fernandezh@alumnos.upm.es,IWSIM12,0,NP,1,
65,FROILAN,FIDALGO TAPIA,f.fidalgo@alumnos.upm.es,IWSIT11,0,NP,1,
66,DANIEL,FRANCESCH COLOMER,daniel.francesch@alumnos.upm.es,IWSIT11,0,NP,1,
67,JUAN ALBERTO DE,FRUTOS VELASCO,juanalberto.defrutos@upm.es,,0,NP,0,NP
68,HERNAN GABRIEL DE LA,FUENTE MARTINEZ,hernan.fuente.martinez@alumnos.upm.es,IWSIM12,1,,1,
69,MANUEL,FUERIS FRUTOS,manuel.fueris@alumnos.upm.es,IWSIT12,0,NP,0,NP
70,ALEJANDRO,GALLEGO GARCIA,alejandro.gallegog@alumnos.upm.es,IWSIT11,0,NP,1,
71,NEMESIO,GARCIA ALVAREZ,nga0@alumnos.upm.es,IWSIT12,0,NP,0,NP
72,MIGUEL,GARCIA AZCARRETA,miguel.garcia.azcarreta@alumnos.upm.es,IWSIT11,0,NP,1,
73,VICTOR,GARCIA GARCIA,victor.garciaga@alumnos.upm.es,IWSIT12,0,NP,1,
74,ALESSANDRO,GARCIA GARCIA-NAVAS,alessandro.garcia@alumnos.upm.es,IWSIT11,0,NP,1,
75,ALEJANDRO,GARCIA HERNANDEZ,alejandro.garciaher@alumnos.upm.es,IWSIT11,0,NP,1,
76,HUGO,GARCIA LEON,hugo.garcialeon@alumnos.upm.es,IWSIM11,0,NP,1,
77,DANIEL,GARCIA MARTINEZ,daniel.garciam@alumnos.upm.es,IWSIT12,0,NP,0,NP
78,JAVIER,GARCIA SIMARRRO,javier.garciasim@alumnos.upm.es,IWSIT11,0,NP,0,NP
79,ADRIAN,GARCIA SOTO,adrian.garcia.soto@alumnos.upm.es,IWSIT11,0,NP,1,
80,ANTON,GARCIA VIDAL,anton.garcia.vidal@alumnos.upm.es,IWSIT11,1,,0,NP
81,DAVID,GARCIA-MINGUILLAN FERNANDEZ,david.minguillan@alumnos.upm.es,IWSIT11,0,NP,0,NP
82,LUCAS,GHEORGHITA CARAPET,lucas.gheorghita@alumnos.upm.es,IWSIT11,0,NP,0,NP
83,DAVID,GIL ESTEBAN,david.gilesteban@alumnos.upm.es,IWSIT11,0,NP,1,
84,ANDRES,GONZALEZ BENITO,andres.gonzalezb@alumnos.upm.es,IWSIM12,0,NP,1,
85,ANDRES,GONZALEZ RAMON,andres.gonzalezr@alumnos.upm.es,IWSIT11,0,NP,1,
86,JAIME,GUEVARA BERRUGA,jaime.guevara@alumnos.upm.es,IWSIT11,0,NP,1,
87,SANTIAGO,GUINEA RODRIGUEZ LOSADA,s.guinea@alumnos.upm.es,IWSIT11,0,NP,1,
88,DAVID,HARVEY MARTIN,david.harvey@alumnos.upm.es,IWSIM11,0,NP,0,NP
89,BRANDON,HEINRICKS GONZALEZ,brandon.heinricks@alumnos.upm.es,IWSIM11,1,,1,
90,ANA,HERNANDEZ DORADO,ana.hernandezdorado@alumnos.upm.es,IWSIM11,0,NP,0,NP
91,JOSE ANGEL,HERNANDEZ GARNACHO,ja.hernandez.garnacho@alumnos.upm.es,IWSIM11,0,NP,1,
92,LUCIA,HERNANDEZ MONTERO,lucia.hernandezmontero@alumnos.upm.es,IWSIM11,0,NP,1,
93,FRANCISCO,HERRAN CEREZO,francisco.herran@alumnos.upm.es,IWSIT11,0,NP,0,NP
94,PEDRO ALEJANDRO,HERRERA GALERA,pedro.herrera@alumnos.upm.es,IWSIM11,0,NP,1,
95,MARCO,HIDALGO PARIENTE,marco.hidalgo@alumnos.upm.es,IWSIM11,0,NP,1,
96,JING,HUANG,jing.huang@alumnos.upm.es,IWSIM12,0,NP,0,NP
97,ALVARO,HUERTAS DIAZ,alvaro.huertas@alumnos.upm.es,IWSIT11,0,NP,1,
98,GEORGIAN SORIN,IANCU IANCU,gs.iancu@alumnos.upm.es,IWSIM11,0,NP,1,
99,CARLOS,IGLESIAS ALCAZAR,carlos.igalcazar@alumnos.upm.es,IWSIT12,1,,1,
100,ALICIA,ILIYANOVA ATANASOVA,alicia.iliyanova@alumnos.upm.es,IWSIM12,0,NP,1,
101,MATEO,IÑIGO LAHERA,mateo.inigo.lahera@alumnos.upm.es,IWSIM11,0,NP,0,NP
102,ALEJANDRO RAFAEL,IONESCU SOARE,rafael.ionescu@alumnos.upm.es,IWSIM11,0,NP,1,
103,MAXYM,IVASIV KOSYK,maxym.ivasiv@alumnos.upm.es,IWSIM11,1,,1,
104,QIN HAO,JIANG ZHU,qinhao.jiang@alumnos.upm.es,IWSIT11,0,NP,0,NP
105,ANGELA,JIMENEZ GARCIA,angela.jimenez@alumnos.upm.es,IWSIM12,0,NP,1,
106,ANDREA,JIMENEZ JIMENEZ,andrea.jimenezj@alumnos.upm.es,IWSIM12,0,NP,1,
107,DIEGO,JIMENEZ JIMENEZ,diego.jjimenez@alumnos.upm.es,IWSIT12,0,NP,1,
108,DANIEL,JIMENEZ RAMOS,daniel.jimenezr@alumnos.upm.es,IWSIM11,0,NP,1,
109,TOMAS,JUAREZ GELARDO,tomas.juarez@alumnos.upm.es,IWSIM11,0,NP,1,
110,JOSE RAMON,JUSUE ZAVALA,joseramon.jusue@alumnos.upm.es,IWSIM11,0,NP,1,
111,TAILI,KE,taili.ke@alumnos.upm.es,IWSIM11,0,NP,1,
112,JAVIER,LABRADA MEDINA,javier.labrada@alumnos.upm.es,IWSIM11,0,NP,0,NP
113,ALICIA,LAFUENTE SANZ,alicia.lafuente.sanz@alumnos.upm.es,IWSIM11,0,NP,1,
114,NICOLAS ANDRES,LEFTERACHE RAILEANU,na.lefterache@alumnos.upm.es,IWSIM11,0,NP,1,
115,OSCAR,LENCERO CARRILLO,oscar.lencero@alumnos.upm.es,IWSIM11,0,NP,1,
116,JILING,LI,jiling.li@alumnos.upm.es,IWSIM11,0,NP,1,
117,CRISTIAN,LIN,cristian.lin@alumnos.upm.es,IWSIT12,1,,0,NP
118,YUSHAN,LIN,yushan.lin@alumnos.upm.es,IWSIT12,0,NP,0,NP
119,CARLOS,LLORENTE VAQUERO,ca.llorente@alumnos.upm.es,IWSIM11,0,NP,1,
120,ROSALIA,LOPEZ COLMENERO,rosalia.lopez@alumnos.upm.es,IWSIM11,0,NP,1,
121,PABLO,LOPEZ DE LA MANZANARA GARCIA,pablo.lopezdelamanzanara@alumnos.upm.es,IWSIM11,0,NP,1,
122,ANDRES,LOPEZ HERNANDEZ,andres.lopez.hernandez@alumnos.upm.es,IWSIM11,0,NP,1,
123,JORGE,LOPEZ SOSA,jorge.lopez.sosa@alumnos.upm.es,IWSIT11,0,NP,0,NP
124,ADRIAN,LORENZO MORO,adrian.lorenzo@alumnos.upm.es,IWSIM11,0,NP,1,
125,MARTA,LOZANO MARCOS,marta.lozanomarcos@alumnos.upm.es,IWSIM11,0,NP,1,
126,LUIS,LU DONG,luis.lu.dong@alumnos.upm.es,IWSIM11,0,NP,0,NP
127,ANNI,MA,a.ma@alumnos.upm.es,IWSIM11,0,NP,1,
128,TELLO,MADRIDEJOS CHAMORRO,tello.madridejos@alumnos.upm.es,IWSIT12,0,NP,0,NP
129,MAHMOOD,MAHER FAIQ AL RAWE,mahmood.malrawe@alumnos.upm.es,IWSIM11,0,NP,1,
130,PABLO,MANZANARO CARABALLO,p.manzanaro@alumnos.upm.es,IWSIT11,1,,1,
131,PAULA,MARINA NAVARRO,p.marina@alumnos.upm.es,IWSIM11,0,NP,1,
132,ALVARO,MARQUEZ SANTAMARIA,al.marquez@alumnos.upm.es,IWSIM11,0,NP,1,
133,DANIEL,MARTIN BALLESTER,daniel.marballester@alumnos.upm.es,IWSIM11,0,NP,1,
134,ANTONIO,MARTIN ESPAÑA,antonio.martines@alumnos.upm.es,IWSIM11,0,NP,1,
135,JORGE,MARTIN MARTIN,jorge.martinmartin@alumnos.upm.es,IWSIM11,0,NP,1,
136,CRISTINA,MARTIN VERDUGO,c.mverdugo@alumnos.upm.es,IWSIM11,1,,1,
137,PAULA,MARTINEZ,paula.mar@alumnos.upm.es,IWSIM11,0,NP,1,
138,PILAR,MARTINEZ GARCIA,pilar.martinez@upm.es,Profesores,0,NP,0,NP
139,JESUS,MARTINEZ LOPEZ TERCERO,j.mlopeztercero@alumnos.upm.es,IWSIM11,0,NP,1,
140,NACHO,MARTINEZ SEBASTIA,n.msebastia@alumnos.upm.es,IWSIM11,1,,1,
141,HUGO,MATEOS ABAD,hugo.mateos@alumnos.upm.es,IWSIT12,1,,1,
142,DANIEL ALEJANDRO,MATHEUS GONCALVEZ,daniel.matheus.goncalvez@alumnos.upm.es,IWSIM11,0,NP,1,
143,IGNACIO,MEDRANO MORATA,ignacio.medrano@alumnos.upm.es,IWSIT11,1,,1,
144,ALVARO,MENOYO PEREZ,alvaro.menoyo@alumnos.upm.es,IWSIM11,0,NP,1,
145,SOFIA,MERINO FERNANDEZ,sofia.merinofer@alumnos.upm.es,IWSIM11,0,NP,1,
146,SIMON,MOLERO GONZALEZ,simon.molero@alumnos.upm.es,IWSIM11,0,NP,1,
147,JAVIER,MONEDERO ANGULO,javier.monedero@alumnos.upm.es,IWSIM11,1,,1,
148,ALBERTO,MONTARELO PADILLA,alberto.montarelo@alumnos.upm.es,IWSIM11,0,NP,1,
149,CLAUDIA,MONTES BORJABAD,claudia.montes@alumnos.upm.es,IWSIM11,0,NP,0,NP
150,SWAMY,MORAIS MANRIQUE,swamy.morais.manrique@alumnos.upm.es,IWSIT11,0,NP,0,NP
151,DAVID,MORALEDA SALGUERO,d.moraleda@alumnos.upm.es,IWSIM11,0,NP,1,
152,HECTOR,MORALES DE LUIS,hector.morales.deluis@alumnos.upm.es,IWSIM11,0,NP,1,
153,OSCAR,MORANT FERRANDO,o.morant@alumnos.upm.es,IWSIM11,0,NP,0,NP
154,ALEJANDRO,MOREJON CANCHO,a.morejon@alumnos.upm.es,IWSIM11,0,NP,0,NP
155,IGNACIO,MORENO VIRUETE,ignacio.morenoviruete@alumnos.upm.es,IWSIM11,0,NP,1,
156,LUCAS,MORENO-PALANCAS CEBALLOS,l.moreno-palancas@alumnos.upm.es,IWSIM11,0,NP,1,
157,JESUS FRANCISCO,MOYA BLANCO,jesus.moya@alumnos.upm.es,IWSIM11,0,NP,1,
158,PABLO,MOYA RIVERA,pablo.moya.rivera@alumnos.upm.es,IWSIM11,0,NP,1,
159,VALENTINA NICOLLE,MOYONERO ESPINOZA,vn.moyonero@alumnos.upm.es,IWSIT11,0,NP,0,NP
160,SARA,MOZO DE RIVAS,sara.mozo@alumnos.upm.es,IWSIM11,0,NP,0,NP
161,ALBERTO,MUCIENTES CABALLO,alberto.mucientes.caballo@alumnos.upm.es,,0,NP,0,NP
162,MIGUEL ANGEL,MUÑOZ FERNANDEZ,miguelangel.munoz.fernandez@alumnos.upm.es,IWSIM11,0,NP,1,
163,ISMAEL,NARANJO MUÑOZ,ismael.naranjo@alumnos.upm.es,IWSIM11,0,NP,1,
164,NINAD,NAUTIYAL BHATT,ninad.nautiyal@alumnos.upm.es,IWSIM11,0,NP,1,
165,IMANOL,NAVARRETE HURTADO,imanol.navarrete@alumnos.upm.es,IWSIM11,0,NP,1,
166,HECTOR,NEIRA HERNANDEZ,hector.neira@alumnos.upm.es,IWSIT11,0,NP,1,
167,ANTONIO ELA,NGOMO NCHAMA,antonioela.ngomo@alumnos.upm.es,IWSIM11,0,NP,1,
168,MIGUEL,OCAÑA MARTIN,miguel.ocana@alumnos.upm.es,IWSIT12,1,,1,
169,LUIS EMIRO,OCHOA GOMEZ,luis.ogomez@alumnos.upm.es,IWSIM11,0,NP,0,NP
170,NICOLAS,OFICIALDEGUI GONZALEZ-UBEDA,nicolas.oficialdegui@alumnos.upm.es,IWSIM12,0,NP,0,NP
171,MARCOS,ORTIZ PASAMONTES,marcos.ortiz@alumnos.upm.es,IWSIM12,0,NP,1,
172,EKAITZ,OTERO MORENO,ekaitz.otero@alumnos.upm.es,IWSIM12,1,,1,
173,ALEJANDRO,PANTOJA FIGUEROA,alejandro.pantoja.figueroa@alumnos.upm.es,IWSIM12,0,NP,1,
174,JORGE,PARIS FERNANDEZ,jorge.paris@alumnos.upm.es,IWSIM12,0,NP,1,
175,JAVIER,PASTOR GALINDO,javier.pastor.galindo@upm.es,Profesores,0,NP,0,NP
176,LUCILA,PERALTA BARLE,lucila.peralta@alumnos.upm.es,IWSIM12,0,NP,1,
177,RODRIGO,PEREZ DIAZ,rodrigo.perezd@alumnos.upm.es,IWSIT12,0,NP,0,NP
178,IZAN,PEREZ DIMAS,izan.perez@alumnos.upm.es,IWSIM12,0,NP,1,
179,AGUEDA,PEREZ GONZALEZ,agueda.perez@alumnos.upm.es,IWSIM11,0,NP,0,NP
180,RODRIGO,PIÑA RODRIGUEZ,rodrigo.pina@alumnos.upm.es,IWSIM12,0,NP,1,
181,SERGIO,PINILLOS ARELLANO,sergio.pinillos@alumnos.upm.es,IWSIM11,1,,0,NP
182,TIMOTEI LUCIAN,POENARU,tl.poenaru@alumnos.upm.es,IWSIM12,0,NP,1,
183,MARIA,PRIETO ALVAREZ,maria.prialvarez@alumnos.upm.es,IWSIM12,0,NP,1,
184,LEONEL,QUISBERT CHOQUETICLLA,leonel.quisbert@alumnos.upm.es,IWSIM12,1,,0,NP
185,TARIQUL ISLAM,RAZZAK AKTER,tariqul.razzak@alumnos.upm.es,IWSIM12,0,NP,1,
186,JUAN JOSE,REDONDO GUDE,juanjose.redondo.gude@alumnos.upm.es,IWSIM12,1,,0,NP
187,MARCO,RIPOLL CARMONA,marco.ripoll@alumnos.upm.es,IWSIT12,0,NP,0,NP
188,ALEJANDRO,ROBLES MARTIN,alejandro.robles.martin@alumnos.upm.es,IWSIM12,0,NP,1,
189,ENRIQUE,ROCHA BENATTI,enrique.rocha.benatti@alumnos.upm.es,IWSIM12,0,NP,1,
190,FERNANDO,RODA ALVAREZ,f.roda@alumnos.upm.es,IWSIT12,0,NP,1,
191,SANTIAGO,RODRIGUEZ BARRIO,santiago.rodbarrio@alumnos.upm.es,IWSIM12,0,NP,1,
192,VICTOR,RODRIGUEZ FERNANDEZ,victor.rfernandez@upm.es,Profesores,0,NP,0,NP
193,DANIEL,RODRIGUEZ LOPEZ,daniel.rodriguezl@alumnos.upm.es,IWSIM12,0,NP,1,
194,DAVID,RODRIGUEZ MARTIN,david.rodriguezmartin@alumnos.upm.es,IWSIM12,0,NP,1,
195,DIEGO,RODRIGUEZ ROMAN,diego.rodriguezr@alumnos.upm.es,IWSIM12,0,NP,1,
196,VICTOR,RODRIGUEZ SANCHEZ,victor.rsanchez@alumnos.upm.es,IWSIM11,1,,1,
197,GABRIEL,ROJAS ILLESCAS,gabriel.rojas@alumnos.upm.es,IWSIM12,1,,1,
198,JORGE ANDRES,ROMAN ROSALES,jorge.roman.rosales@alumnos.upm.es,IWSIM12,0,NP,0,NP
199,ALEJANDRO,ROMEO PEREZ,a.romeo@alumnos.upm.es,IWSIM11,1,,1,
200,JULIAN,ROZADILLAS VIDAL,julian.rozadillas@alumnos.upm.es,IWSIT12,0,NP,0,NP
201,CLAUDIA,RUIZ PEREZ,claudia.ruizperez@alumnos.upm.es,IWSIM12,0,NP,1,
202,ALEJANDRO ISAAC,RUSSO PEREZ,alejandro.russo@alumnos.upm.es,IWSIM12,1,,1,
203,DAVID,SAIZ MOLINA,david.saiz@alumnos.upm.es,IWSIM12,0,NP,1,
204,MARIO,SAN JUAN FERNANDEZ,mario.sanjuan.fernandez@alumnos.upm.es,IWSIM12,1,,1,
205,RAUL,SANCHEZ ALCAZAR,raul.sanchez.alcazar@alumnos.upm.es,IWSIT12,0,NP,1,
206,HUGO,SANCHEZ DEL CAMPO,hugo.sanchezdelcampo@alumnos.upm.es,IWSIM12,0,NP,1,
207,MARCOS,SANCHEZ DONAIRE,marcos.sanchezdon@alumnos.upm.es,IWSIT12,0,NP,0,NP
208,ALEJANDRO,SANCHEZ HERRERA,alejandro.sanchezh@alumnos.upm.es,IWSIT12,0,NP,1,
209,CARLOS,SANCHEZ LOSA,carlos.slosa@alumnos.upm.es,IWSIT12,1,,1,
210,MARCO,SANCHEZ MARTIN,marco.sanchez.martin@alumnos.upm.es,IWSIT12,0,NP,0,NP
211,JORGE,SANCHEZ NUÑO,jorge.sanchez.nuno@alumnos.upm.es,IWSIM12,0,NP,1,
212,JORGE,SANCHEZ PINA,jorge.sanchez.pina@alumnos.upm.es,IWSIM12,1,,1,
213,ALVARO,SANCHEZ RODRIGUEZ,alvaro.sanchezr@alumnos.upm.es,IWSIM12,0,NP,0,NP
214,PABLO,SANCHEZ TAPIADOR,pablo.sancheztap@alumnos.upm.es,IWSIM12,0,NP,1,
215,MARIA INMACULADA,SANTAMARIA VALENZUELA,mi.santamaria@upm.es,Profesores,0,NP,0,NP
216,DANIEL,SANZ AVILA,daniel.sanz@alumnos.upm.es,IWSIM12,1,,1,
217,SANTIAGO DANIEL,SEBASTIANI DAMAS,santiago.sebastiani@alumnos.upm.es,IWSIM12,0,NP,1,
218,LIN,SHU,lin.shu@alumnos.upm.es,IWSIT12,1,,0,NP
219,DANIELA,SICILIA BALAS,daniela.sbalas@alumnos.upm.es,IWSIM11,0,NP,1,
220,JUAN,SILVA CASTRO,juan.silva@alumnos.upm.es,IWSIM12,0,NP,0,NP
221,SARAH,SORET EL HARTI,s.soret@alumnos.upm.es,IWSIM12,0,NP,1,
222,ALINA SUSANA,SOUTO RUSSO,alina.souto@alumnos.upm.es,IWSIT12,0,NP,1,
223,ALVARO,STRAUS PEÑAFIEL,alvaro.straus@alumnos.upm.es,IWSIM12,0,NP,1,
224,LUIS IÑAKI,TAIPE TICSE,inaki.taipe@alumnos.upm.es,IWSIM12,0,NP,1,
225,ALVARO,TAMAKI MORENO,alvaro.tamaki@alumnos.upm.es,IWSIM12,0,NP,1,
226,BRANDON ALEXIS,TITUAÑA SOTALIN,brandon.tsotalin@alumnos.upm.es,IWSIM12,0,NP,1,
227,VALENTIN VASILE,TRANA,valentin.trana@alumnos.upm.es,IWSIT12,0,NP,0,NP
228,JOSE LUIS,VALLEJO NYS,jl.vallejo.nys@alumnos.upm.es,IWSIM12,0,NP,1,
229,DAVID,VAQUEIRO JIMENEZ,david.vaqueiro@alumnos.upm.es,IWSIM12,0,NP,1,
230,ALVARO,VELARDE ROMERO,alvaro.velarde@alumnos.upm.es,IWSIT12,0,NP,1,
231,CRISTIANA,VELISLAVOVA TSEKOVA,c.vtsekova@alumnos.upm.es,IWSIT12,1,,1,
232,LARA,VERDIN DOMINGUEZ,lara.verdin@alumnos.upm.es,IWSIM12,0,NP,1,
233,CELIA,VICENTE MIGUEL,celia.vmiguel@alumnos.upm.es,IWSIM12,0,NP,1,
234,PABLO,VILLA MARTIN,pablo.villamar@alumnos.upm.es,IWSIM12,0,NP,1,
235,JORGE,VINDEL DOMINGUEZ,j.vindel@alumnos.upm.es,IWSIM12,0,NP,1,
236,JINXIAN,YANG,ji.yang@alumnos.upm.es,IWSIM12,0,NP,1,
237,JUNQIN,YE,junqin.ye@alumnos.upm.es,IWSIM12,0,NP,1,
238,YIFEI,ZHENG,yifei.zheng@alumnos.upm.es,IWSIM12,1,,1,
239,YUHANG,ZHOU,yuhang.z@alumnos.upm.es,IWSIM12,0,NP,1,
240,JIA CHENG,ZHOU ZHENG,jc.zhou@alumnos.upm.es,IWSIT12,0,NP,0,NP
241,XIANG LE,ZHU,xiang.zhu@alumnos.upm.es,IWSIM12,1,,1,
242,ANA,ZODER MENDEZ,a.zoder@alumnos.upm.es,IWSIM12,0,NP,1,
243,PABLO JOACHIM,ZODER MENDEZ,pablo.zoder@alumnos.upm.es,IWSIM12,0,NP,1,
244,HUGO,AGUIRRIZABAL MARTINEZ,hugo.aguirrizabal@alumnos.upm.es,CITIM11,0,NP,1,
245,ALEJANDRO,ALHEJA BERMEJO,a.alheja@alumnos.upm.es,CITIT11,0,NP,1,
246,JAIME,ALONSO RUIZ,jaime.alonsoruiz@alumnos.upm.es,CITIM12,0,NP,0,NP
247,LUIS,ALVAREZ CABRERA,luis.alvarez.cabrera@alumnos.upm.es,CITIT11,1,,1,
248,FABIOLA,ANCAJIMA QUISPE,fabiola.ancajima@alumnos.upm.es,CITIM12,0,NP,0,NP
249,ALBA,ARIAS CASADO,alba.arias@alumnos.upm.es,CITIM11,1,,1,
250,SERGIO,ARRANZ CAMPINS,se.arranz@alumnos.upm.es,CITIT11,0,NP,0,NP
251,MARCO,BALBOA MORILLO,marco.balboa@alumnos.upm.es,CITIT11,0,NP,0,NP
252,MIGUEL,BARBERO BARRERO,miguel.barbero@alumnos.upm.es,CITIT11,0,NP,0,NP
253,CHRISTIAN,BASSO MARTINEZ,christian.basso.martinez@alumnos.upm.es,CITIM11,1,,1,
254,DANIEL,BERNARDINO TEBA,daniel.bernardino.teba@alumnos.upm.es,CITIT11,0,NP,0,NP
255,GONZALO,BERRAL MARTIN,gonzalo.berral@alumnos.upm.es,CITIT11,0,NP,1,
256,LUCIA ESTHER,BERTOLISSI,lucia.bertolissi@alumnos.upm.es,CITIM11,0,NP,0,NP
257,MARIA,BOATELLA BENITEZ-DONOSO,maria.boatella@alumnos.upm.es,CITIT11,0,NP,0,NP
258,LUIS CARLOS,BRANDO PARRA,lc.brando@alumnos.upm.es,CITIT11,0,NP,0,NP
259,BRUNO,CABELLO MARTIN,bruno.cabello@alumnos.upm.es,CITIT11,0,NP,1,
260,ZESHENG,CAI,z.cai@alumnos.upm.es,CITIT11,0,NP,1,
261,CARLOS,CALERO CORRAL,carlos.calero@alumnos.upm.es,CITIT11,0,NP,1,
262,DANIEL,CARMONA OCAÑA,daniel.carmona@alumnos.upm.es,CITIM11,1,,1,
263,LIDIA,CARRERAS GONZALEZ,l.carreras@alumnos.upm.es,CITIT11,0,NP,0,NP
264,PABLO,CASADO MORCUENDE,p.cmorcuende@alumnos.upm.es,CITIT11,0,NP,1,
265,JAVIER,CHAMOSO DE URBIZU,javier.chamoso@alumnos.upm.es,CITIT11,0,NP,0,NP
266,DAVID,CHAVARRIA PALOMO,d.chavarria@alumnos.upm.es,CITIT11,1,,1,
267,NICOLAS MARIUS,CHIFOR,nm.chifor@alumnos.upm.es,CITIM12,0,NP,1,
268,MATTEO,CONCHA LOPEZ,matteo.concha@alumnos.upm.es,CITIT11,0,NP,0,NP
269,NICOLAS,CRAUS SANTA CATALINA,nicolas.craus@alumnos.upm.es,CITIM11,0,NP,1,
270,LUIS MATHIAS,CRIALES CARRANZA,luis.criales@alumnos.upm.es,CITIT11,0,NP,1,
271,ROSANGELA MARIA,CUTOLO SPADARO,rosangela.cutolo@alumnos.upm.es,CITIM11,0,NP,1,
272,PEDRO JOSE,DE LA IGLESIA NUÑEZ,pj.dnunez@alumnos.upm.es,CITIM11,1,,1,
273,JAVIER,DE LOMBAS LOPEZ,j.delombas@alumnos.upm.es,CITIT11,0,NP,0,NP
274,ALVARO,DEL CAMPO GONZALEZ,alvaro.dgonzalez@alumnos.upm.es,CITIM11,0,NP,1,
275,PABLO,DEL POZUELO ESCALONA,p.delpozuelo@alumnos.upm.es,CITIM11,0,NP,1,
276,ALEXANDRU RAZVAN,DUMITRESCU,alexandru.dumitrescu@alumnos.upm.es,CITIT11,0,NP,1,
277,GONZALO,ECIJA SANCHEZ,gonzalo.ecija@alumnos.upm.es,CITIT11,0,NP,0,NP
278,AMELIE KATHARINA,EHLE,amelie.ehle@alumnos.upm.es,CITIT11,0,NP,0,NP
279,JAVIER,ESCUDERO MATEOS,javier.escudero@alumnos.upm.es,CITIT11,0,NP,1,
280,JUAN VIDAL,ESPINOZA ALONSO,juan.espinoza@alumnos.upm.es,CITIT11,0,NP,1,
281,ANDREA,ESTEPA ROBLES,andrea.estepa@alumnos.upm.es,CITIT11,0,NP,1,
282,MARIANELA,ESTEVEZ BOSSO,m.estevez@alumnos.upm.es,CITIT11,0,NP,0,NP
283,HARITZ ENDIKA,EXPOSITO SONO,haritz.exposito@alumnos.upm.es,CITIM11,1,,1,
284,ZHIYING,FAN,zhiying.fan@alumnos.upm.es,CITIT11,0,NP,0,NP
285,DAVID,FERNANDEZ NIETO,david.fnieto@alumnos.upm.es,CITIM11,1,,1,
286,JHONATAN,FERREIRA SOUZA,jhonatan.ferreira@alumnos.upm.es,CITIM11,0,NP,1,
287,YASSIR,FILALI BELHADJ CHAQROUNE,yassir.filalibelhadj.chaqroune@alumnos.upm.es,CITIT11,1,,1,
288,PABLO RAMIRO,FORONDA IRAIZOS,pr.foronda@alumnos.upm.es,CITIM11,1,,1,
289,JUAN ALBERTO DE,FRUTOS VELASCO,juanalberto.defrutos@upm.es,"CITIM11, Profesores",0,NP,0,NP
290,SAMUEL,GARCIA CARRETERO,samuel.garciac@alumnos.upm.es,CITIM12,0,NP,1,
291,OSCAR,GARCIA CESPEDES,oscar.garciacespedes@alumnos.upm.es,CITIT11,0,NP,0,NP
292,LORENZO,GARCIA FERNANDEZ,lorenzo.garcia@alumnos.upm.es,CITIM11,1,,1,
293,MARCOS,GARCIA GARCIA,marcos.garciagar@alumnos.upm.es,CITIM11,0,NP,1,
294,ADRIAN,GARCIA GUZMAN,adrian.garcia.guzman@alumnos.upm.es,CITIT11,1,,1,
295,MARCOS,GARCIA HERNANDEZ,marcos.ghernandez@alumnos.upm.es,CITIT11,1,,1,
296,FERNANDO,GARCIA NIETO,fernando.garcia.nieto@alumnos.upm.es,CITIT11,0,NP,0,NP
297,PAULA,GARCIA SANCHEZ,paula.garsanchez@alumnos.upm.es,CITIM11,0,NP,0,NP
298,MARIA JOSE,GARCIA-PRIETO CASTELLS,mj.garcia-prieto@alumnos.upm.es,CITIT11,0,NP,1,
299,LUCAS MATEO,GOMEZ GONZALEZ,lucasmateo.gomez.gonzalez@alumnos.upm.es,CITIT11,1,,1,
300,CARLOS,GOMEZ MORENO,carlos.gomez.moreno@alumnos.upm.es,CITIT11,0,NP,1,
301,PABLO,GOMEZ ROBLEDANO,pablo.gomezrob@alumnos.upm.es,CITIM12,0,NP,1,
302,MIGUEL,GOMEZ ROMERO,miguel.gomez.romero@alumnos.upm.es,CITIT11,1,,1,
303,JANO ALI,GONZALEZ ABUSHAREB,janoali.gonzalez@alumnos.upm.es,CITIT11,0,NP,0,NP
304,PABLO,GONZALEZ MONTERO,p.gmontero@alumnos.upm.es,CITIT11,1,,1,
305,DARIO,GONZALEZ MORENO,dario.gonzalezmoreno@alumnos.upm.es,CITIT11,0,NP,0,NP
306,RUBEN,GONZALEZ RODRIGUEZ,ruben.gonzalezrod@alumnos.upm.es,CITIM12,1,,1,
307,LUIS,GONZALEZ SANCHEZ,luis.gonzalezs@alumnos.upm.es,CITIT11,0,NP,1,
308,HAOQI,GUOZHANG,haoqi.guo@alumnos.upm.es,CITIM12,0,NP,1,
309,ROBERTO,GUTIERREZ MARTIN,roberto.gutierrez.martin@alumnos.upm.es,CITIT11,0,NP,1,
310,ALVARO,HERRERA BAUTISTE,a.hbautiste@alumnos.upm.es,CITIM11,0,NP,1,
311,JOSE,HERVAS FERNANDEZ,jose.hervasf@alumnos.upm.es,CITIT11,1,,1,
312,MIGUEL,HIDALGO POZAS,miguel.hidalgopozas@alumnos.upm.es,CITIM11,0,NP,1,
313,JAVIER,HUERGA GIL,javier.huerga@alumnos.upm.es,CITIM11,1,,1,
314,WIOLETTA,JAREK JAREK,wioletta.jarek@alumnos.upm.es,CITIM11,0,NP,0,NP
315,ZHENGPENG,JIA LIU,zhengpeng.jia.liu@alumnos.upm.es,CITIM11,0,NP,1,
316,MARCOS,JIMENEZ DIAZ,marcos.jdiaz@alumnos.upm.es,CITIM11,0,NP,1,
317,SERGIO,JIMENEZ SANZ,sergio.jsanz@alumnos.upm.es,CITIM12,0,NP,1,
318,MARCOS,LAZARO DIAZ,marcos.lazaro@alumnos.upm.es,CITIM11,1,,1,
319,CUNXI,LIN,cunxi.lin@alumnos.upm.es,CITIM11,0,NP,0,NP
320,JIANTENG,LIN,jianteng.lin@alumnos.upm.es,CITIM11,1,,0,NP
321,ALVARO,LINARES CASTILLO,alvaro.linares@alumnos.upm.es,CITIT11,0,NP,1,
322,JIAYI,LIU,jiayi.liu@alumnos.upm.es,CITIM12,1,,1,
323,HELENA,LIZ LOPEZ,helena.liz@upm.es,"CITIT11, Profesores",0,NP,0,NP
324,HECTOR,LOPEZ ELBAL,hector.lopez@alumnos.upm.es,CITIM12,0,NP,0,NP
325,ANDRES,LOPEZ GARCIA,andres.lopez.garcia@alumnos.upm.es,CITIM11,0,NP,1,
326,IGNACIO,LOPEZ PEREZ,ignacio.lperez@alumnos.upm.es,CITIM11,0,NP,0,NP
327,NICOLAS,LOPEZ RODRIGUEZ,nicolas.lopez.rodriguez@alumnos.upm.es,CITIM11,0,NP,1,
328,SEBASTIAN,LOVICARIO RODRIGUEZ,sebastian.lovicario@alumnos.upm.es,CITIM11,1,,1,
329,JULEN,LOZANO FUENTES,julen.lozano@alumnos.upm.es,CITIM11,0,NP,0,NP
330,ALVARO,LOZANO JUAREZ,alvaro.lozano@alumnos.upm.es,CITIM11,0,NP,0,NP
331,IRENE,LUCERO PRADA,irene.lucero@alumnos.upm.es,CITIM11,1,,1,
332,IVAN,LUQUE FERNANDEZ,ivan.luque@alumnos.upm.es,CITIM11,0,NP,0,NP
333,ALVARO,MAESO BALLANO,alvaro.maeso@alumnos.upm.es,CITIT11,1,,1,
334,SERGIO,MAGANTO PABLO,sergio.maganto@alumnos.upm.es,CITIM11,0,NP,0,NP
335,HECTOR,MAQUEDA IRUN,hector.maquedairun@alumnos.upm.es,CITIM11,0,NP,1,
336,ANTONIO,MARTIN CORCHON,antonio.martincor@alumnos.upm.es,CITIT11,1,,1,
337,IRENE,MARTIN OLIVERO,irene.martin.olivero@alumnos.upm.es,CITIM11,0,NP,1,
338,SERGIO,MARTIN SANCHEZ,sergio.martinsanchez@alumnos.upm.es,CITIM11,0,NP,0,NP
339,ADRIAN,MARTIN SEPULVEDA,adrian.martin.sepulveda@alumnos.upm.es,CITIM11,0,NP,0,NP
340,GUILLERMO,MASSERA SALCEDO,guillermo.massera@alumnos.upm.es,CITIM11,1,,1,
341,ALVARO,MATEOS SOLIS,alvaro.mateos@alumnos.upm.es,CITIT11,1,,1,
342,ENRIQUE,MEDINA GONZALEZ,enrique.medinagonzalez@alumnos.upm.es,CITIM11,0,NP,1,
343,SANDRA CAROLINA,MELENDEZ PEREYRA,sandra.melendez@alumnos.upm.es,CITIM11,0,NP,0,NP
344,JUAN,MIER DIAZ DE ARCAYA,juan.mier@alumnos.upm.es,CITIM11,0,NP,1,
345,MANUEL ALEJANDRO,MILANES VIDAL,ma.mvidal@alumnos.upm.es,CITIM11,1,,1,
346,DAVID,MILLAN ARRANZ,david.millan@alumnos.upm.es,CITIM11,0,NP,1,
347,ALVARO,MIRANZO HERRAIZ,alvaro.miranzo@alumnos.upm.es,CITIM11,0,NP,0,NP
348,MOISES,MOLERO RUIZ,moises.molero@alumnos.upm.es,CITIT11,0,NP,1,
349,DENIS ORLANDO,MONTOYA RAMOS,do.mramos@alumnos.upm.es,CITIT11,0,NP,0,NP
350,JAVIER,MORALES DE LUIS,javier.morales.deluis@alumnos.upm.es,CITIM11,0,NP,1,
351,JAIME,MORAN RUIZ,j.mruiz@alumnos.upm.es,CITIM11,1,,1,
352,LUIS,MORENO GONZALEZ,luis.morenogonzalez@alumnos.upm.es,CITIM11,0,NP,0,NP
353,ADRIAN,MORENO MARTIN,adrian.morenom@alumnos.upm.es,CITIM11,0,NP,0,NP
354,ADRIAN,MORENO PULIDO,adrian.moreno.pulido@alumnos.upm.es,CITIM11,0,NP,1,
355,SANDRA,MORENO SANCHO,sandra.msancho@alumnos.upm.es,CITIM11,0,NP,1,
356,ALEJANDRA MARIA,MUÑOZ FANDIÑO,alejandramaria.mfandino@alumnos.upm.es,CITIM11,0,NP,1,
357,ANDY RUBEN,MUQUINCHE CUMBAL,andy.muquinche@alumnos.upm.es,CITIM11,0,NP,0,NP
358,JAVIER,NAVARRO MUÑOZ,javier.navarro.munoz@alumnos.upm.es,CITIM11,0,NP,0,NP
359,KSENIA,NAZARENKO,ksenia.n@alumnos.upm.es,CITIM11,1,,1,
360,JAVIER,NIETO HERNANDEZ,javier.nietoh@alumnos.upm.es,CITIM11,1,,1,
361,ARANCHA,NUÑEZ GONZALEZ,arancha.nunez@alumnos.upm.es,CITIM11,0,NP,1,
362,EDUARDO,OLIVA RODRIGUEZ,ed.oliva@alumnos.upm.es,CITIM11,0,NP,1,
363,JAVIER,OLMEDO GUERRA,javier.olmedogue@alumnos.upm.es,CITIT11,0,NP,0,NP
364,ALEJANDRO,ORS RODRIGUEZ,a.ors@alumnos.upm.es,CITIM11,0,NP,0,NP
365,CRISTINA,ORTEGA RODRIGUEZ,cristina.ortega@alumnos.upm.es,CITIT11,1,,1,
366,JOAN,PALOMARES JUNQUERA,joan.palomaresjunquera@alumnos.upm.es,CITIM11,0,NP,0,NP
367,CARLOS,PALOMERA MARTIN,carlos.palomera@alumnos.upm.es,CITIM12,0,NP,1,
368,TRISHALYN,PANIS MARAMBA,t.pmaramba@alumnos.upm.es,CITIM12,0,NP,1,
369,DAVID,PAREJAS LAMBAN,david.parejas@alumnos.upm.es,CITIM12,1,,1,
370,ANTONIO,PARIENTE CARRIAZO,antonio.pariente@alumnos.upm.es,CITIM11,1,,1,
371,JAVIER,PASTOR GALINDO,javier.pastor.galindo@upm.es,"CITIT11, Profesores",0,NP,0,NP
372,SANTIAGO ALEXANDER,PAZ MENDEZ,santiagoalexander.pazmendez@alumnos.upm.es,CITIM11,0,NP,1,
373,TERESA,PELAEZ RODRIGUEZ,t.pelaez@alumnos.upm.es,CITIT11,0,NP,0,NP
374,LORENA,PEÑAS PIQUERAS,lorena.penas@alumnos.upm.es,CITIT11,0,NP,1,
375,CARLOS,PEREZ GARCIA,carlos.perezgar@alumnos.upm.es,CITIT11,0,NP,1,
376,ADRIAN,PEREZ SALDAÑA,a.psaldana@alumnos.upm.es,CITIT11,0,NP,1,
377,VICTOR ADRIAN,PILLAJO SANCHEZ,adrian.pillajo@alumnos.upm.es,CITIM11,0,NP,0,NP
378,CARLOS,PINTO NIETO,c.pnieto@alumnos.upm.es,CITIM11,0,NP,0,NP
379,PABLO,PLAZA GONZALO,pablo.plaza@alumnos.upm.es,CITIT11,0,NP,1,
380,LUCAS,PLAZA PASCUAL,lucas.plaza@alumnos.upm.es,CITIM12,0,NP,0,NP
381,JUAN FRANCISCO,POSE COSTA,francisco.pcosta@alumnos.upm.es,CITIM12,1,,1,
382,MIGUEL,PRIETO HERNANDEZ,miguel.prietoh@alumnos.upm.es,CITIT11,0,NP,0,NP
383,JAVIER,PUEBLA LOPEZ,j.puebla@alumnos.upm.es,CITIM12,0,NP,0,NP
384,FELIX,PUEBLA MARTINEZ,felix.puebla@alumnos.upm.es,CITIM12,1,,1,
385,ALBA,QEFALIA PULACI,alba.qefalia@alumnos.upm.es,CITIT11,0,NP,1,
386,KAIYI,QIU,k.qiu@alumnos.upm.es,CITIT11,0,NP,0,NP
387,JOSE LUIS,REIG GUERRERO,joseluis.reig@alumnos.upm.es,CITIT11,0,NP,1,
388,MIGUEL,REQUENA ARECHABALA,miguel.requena@alumnos.upm.es,CITIM12,0,NP,0,NP
389,JAIME,RIESGO MARTIN,j.riesgo@alumnos.upm.es,CITIT11,0,NP,1,
390,HECTOR,RODRIGUES ARROYO,h.rodrigues@alumnos.upm.es,CITIM12,1,,1,
391,PEDRO,RODRIGUEZ APARICIO,p.raparicio@alumnos.upm.es,CITIM11,0,NP,0,NP
392,HUGO,RODRIGUEZ DIAZ,hugo.rodriguez.diaz@alumnos.upm.es,CITIM12,0,NP,0,NP
393,VICTOR,RODRIGUEZ FERNANDEZ,victor.rfernandez@upm.es,"CITIM12, Profesores",0,NP,0,NP
394,MARCOS,RODRIGUEZ GIMENEZ,marcos.rodriguezg@alumnos.upm.es,CITIM12,0,NP,0,NP
395,PAULA,RODRIGUEZ HORCAJO,paula.rodhorcajo@alumnos.upm.es,CITIM12,0,NP,1,
396,MARIO DANIEL,RODRIGUEZ MARTIN,mariodaniel.rmartin@alumnos.upm.es,CITIT11,0,NP,0,NP
397,RUBEN,RODRIGUEZ MARTIN,ruben.rodriguez@alumnos.upm.es,CITIM11,0,NP,1,
398,CARLOS,RODRIGUEZ RAMOS,carlos.rodriguez.ramos@alumnos.upm.es,CITIM11,1,,0,NP
399,VIRGINIA,RODRIGUEZ SOGORB,virginia.rodriguezs@alumnos.upm.es,CITIM12,1,,0,NP
400,LUCAS,ROJAS TENA,lucas.rojas@alumnos.upm.es,CITIT11,1,,1,
401,ALVARO DANIEL,ROMERO KAUSS,alvarodaniel.romero@alumnos.upm.es,CITIM11,0,NP,0,NP
402,EVA,ROMO TAMAME,eva.romo.tamame@alumnos.upm.es,CITIM12,0,NP,1,
403,MAURO,SAEZ TENORIO,mauro.saez@alumnos.upm.es,CITIM12,1,,0,NP
404,MARCOS,SALVADOR GARCIA,marcos.salvador@alumnos.upm.es,CITIM12,1,,1,
405,LUCIA,SANCHEZ FERNANDEZ,lucia.sanchezfernandez@alumnos.upm.es,CITIM12,0,NP,0,NP
406,SERGIO,SANCHEZ GONZALEZ,sergio.sgonzalez@alumnos.upm.es,CITIM11,0,NP,1,
407,MIGUEL,SANCHEZ HERRERA,miguel.sanchez.herrera@alumnos.upm.es,CITIM12,0,NP,0,NP
408,ANGEL,SANCHEZ LUCENA,angel.sanchez.lucena@alumnos.upm.es,CITIM12,0,NP,0,NP
409,IVAN,SANCHEZ PRIETO,ivan.sanchezp@alumnos.upm.es,CITIM12,0,NP,0,NP
410,RICARDO,SANCHEZ PRUDENCIO,ricardo.sanchezpru@alumnos.upm.es,CITIT11,1,,1,
411,JHON LEUDY,SANCHEZ SANTANA,jhonleudy.sanchez@alumnos.upm.es,CITIM12,0,NP,1,
412,MARIA INMACULADA,SANTAMARIA VALENZUELA,mi.santamaria@upm.es,"CITIM11, CITIM12, Profesores",0,NP,0,NP
413,DIEGO,SANTILLANA VIZCAYA,diego.santillana@alumnos.upm.es,CITIM12,1,,1,
414,ADRIANA,SANZ COLON,adriana.sanz.colon@alumnos.upm.es,CITIM12,0,NP,1,
415,SANTIAGO,SANZ PASTOR,santiago.sanz.pastor@alumnos.upm.es,CITIM12,1,,1,
416,ALBERTO,SAONER PLOMER,a.saoner@alumnos.upm.es,CITIM12,0,NP,0,NP
417,ANGEL,SEGOVIA GUTIERREZ,angel.segovia.gutierrez@alumnos.upm.es,CITIM12,1,,1,
418,JAVIER,SEÑORANS DAVILA,javier.senorans@alumnos.upm.es,CITIM12,1,,1,
419,JUAN JOSE,SERNA QUINTERO,juanjose.serna@alumnos.upm.es,CITIM12,1,,1,
420,LUCAS,SIMARRO PINES,l.simarro@alumnos.upm.es,CITIT11,0,NP,0,NP
421,SOFIA MENGYUAN,SUAREZ SALGADO,sofia.suarez@alumnos.upm.es,CITIM11,0,NP,1,
422,JORGE AUGUSTO,TARRILLO MUNDACA,jorge.tarrillo@alumnos.upm.es,CITIM11,0,NP,1,
423,MARIO FERNANDO,TAYPE MUNDACA,mario.taype@alumnos.upm.es,CITIT11,0,NP,0,NP
424,LUIS,TERESO SILVA,luis.tereso.silva@alumnos.upm.es,CITIM11,0,NP,1,
425,GUILLERMO,TORRES SAN FELIPE,guillermo.torres@alumnos.upm.es,CITIM12,1,,1,
426,ALEX,TRUBITSIN GAVRILOV,alex.trubitsin@alumnos.upm.es,CITIM12,0,NP,1,
427,SARA,TRULL GONZALEZ,s.trull@alumnos.upm.es,CITIM11,1,,1,
428,KEISHI,TSUTSUI GEY,keishi.tsutsui@alumnos.upm.es,CITIT11,0,NP,0,NP
429,ELIAS,VARELA SERROUKH,elias.varela.serroukh@alumnos.upm.es,CITIM12,0,NP,0,NP
430,SERGIO,VAZQUEZ MASERO,sergio.vazquez@alumnos.upm.es,CITIM11,0,NP,0,NP
431,MARIO,VICENTE NAVARRE,mario.vicente@alumnos.upm.es,CITIT11,0,NP,1,
432,TIANLE,WANG,tianle.wang@alumnos.upm.es,CITIM12,0,NP,0,NP
433,YA-PENG,WU,ya-peng.wu@alumnos.upm.es,CITIM11,0,NP,0,NP
434,OSCAR,XIA,oscar.x@alumnos.upm.es,CITIM12,0,NP,0,NP
435,HAOYUAN,XU,haoyuan.xu@alumnos.upm.es,CITIM11,0,NP,1,
436,SHU LAI,YE,shulai.ye@alumnos.upm.es,CITIT11,1,,1,
437,JUNJIE,YIN,junjie.yin@alumnos.upm.es,CITIM11,0,NP,1,
438,OMAR,ZEGGAF EL MRABET,omar.zeggafelmrabet@alumnos.upm.es,CITIM12,0,NP,0,NP
439,HAOQING,ZHANG,haoqing.zhang@alumnos.upm.es,CITIT11,0,NP,0,NP
440,JIONGHAO,ZHANG,jionghao.zhang@alumnos.upm.es,CITIM12,1,,1,
441,STEVEN WEI,ZHANG XIA,steven.zhang@alumnos.upm.es,CITIT11,0,NP,1,
442,YI,ZHOU,yi.zhou@alumnos.upm.es,CITIT11,0,NP,1,
443,XURUI,ZOU,xurui.z@alumnos.upm.es,CITIM12,0,NP,1,
